age,monthly_income,experience_years,city,education,employment_type,target
22,45000,1,Bishkek,Bachelor,Full-time,0
25,52000,3,Bishkek,Bachelor,Full-time,0
29,68000,6,Osh,Master,Full-time,1
31,72000,8,Bishkek,Master,Full-time,1
35,85000,10,Karakol,Bachelor,Self-employed,1
41,120000,15,Bishkek,Master,Full-time,1
,59000,4,Osh,Bachelor,Part-time,0
28,,5,Bishkek,Bachelor,Full-time,0
33,76000,,Osh,Master,Full-time,1
38,98000,12,,Master,Self-employed,1
26,54000,2,Bishkek,,Part-time,0
45,135000,18,Jalal-Abad,Master,,1
23,47000,1,Osh,Bachelor,Full-time,0
27,61000,4,Bishkek,Bachelor,Full-time,0
30,70000,7,Karakol,Master,Full-time,1
52,160000,25,Bishkek,Master,Self-employed,1
24,49000,2,,Bachelor,Part-time,0
36,,11,Osh,Master,Full-time,1
,80000,9,Bishkek,Bachelor,Self-employed,1
32,74000,,Jalal-Abad,Bachelor,Full-time,0
120,90000,14,Bishkek,Bachelor,Full-time,1
40,110000,13,Osh,,Self-employed,1
21,43000,0,Karakol,Bachelor,Part-time,0
34,82000,9,Bishkek,Master,,1
